{
  "cluster": {
    "location": {
      "ui:components": {
        "stringField": "enumField",
        "selectWidget": "radioWidget"
      },
      "ui:options": {
        "useLabel": false
      }
    },
    "pingFed": {
      "ui:components": {
        "stringField": "enumField",
        "selectWidget": "radioWidget"
      },
      "ui:options": {
        "useLabel": false
      }
    }
  },
  "dataFormat": {
    "ui:components": {
      "stringField": "enumField",
      "selectWidget": "radioWidget"
    },
    "ui:options": {
      "useLabel": false,
      "layouts": {
        "field-content": {
          "style": "flex-direction: column; gap: 0.2rem;"
        }
      }
    }
  },
  "producerOrConsumer": {
    "ui:components": {
      "arrayField": "multiEnumField"
    }
  }
}