{
  "type": "object",
  "properties": {
    "useConfigServer": {
      "type": "boolean",
      "title": "Use Custom Config Server",
      "default": false,
      "description": "Load common Kafka properties from ESP Config Server"
    },
    "cluster": {
      "title": "Cluster",
      "properties": {
        "location": {
          "enum": [
            "CCloud",
            "On-Prem"
          ],
          "title": "Location",
          "default": "CCloud",
          "description": "Confluent Cloud Kafka or On-Prem Confluent Platform"
        }
      },
      "dependencies": {
        "location": {
          "oneOf": [
            {
              "properties": {
                "location": {
                  "enum": [
                    "On-Prem"
                  ]
                }
              }
            },
            {
              "properties": {
                "location": {
                  "enum": [
                    "CCloud"
                  ]
                },
                "pingFed": {
                  "enum": [
                    "Employee",
                    "Customer"
                  ],
                  "title": "PingFederate",
                  "default": "Employee",
                  "description": "Choose either Employee PingFederate (internal facing) or Customer PingFederate (external facing)"
                }
              },
              "required": [
                "pingFed"
              ]
            }
          ]
        }
      }
    },
    "dataFormat": {
      "enum": [
        "JSON",
        "JSON Schema",
        "Avro",
        "Protobuf"
      ],
      "title": "Data Format",
      "default": "JSON",
      "description": "Data format of your Kafka record value. JSON is schemaless. Other format requires schema registry"
    },
    "producerOrConsumer": {
      "type": "array",
      "uniqueItems": true,
      "items": {
        "enum": [
          "Producer",
          "Consumer"
        ]
      },
      "title": "Producer / Consumer",
      "default": [
        "Producer",
        "Consumer"
      ],
      "description": "Specify if your app will send records to Kafka (Producer) or read records from Kafka (Consumer) or both"
    }
  },
  "required": [
    "location",
    "useConfigServer",
    "pingFed",
    "dataFormat",
    "producerOrConsumer"
  ]
}